<?xml version="1.0" encoding="UTF-8"?>

<!--
  ~ Sakuli - Testing and Monitoring-Tool for Websites and common UIs.
  ~
  ~ Copyright 2013 - 2015 the original author or authors.
  ~
  ~ Licensed under the Apache License, Version 2.0 (the "License");
  ~ you may not use this file except in compliance with the License.
  ~ You may obtain a copy of the License at
  ~
  ~     http://www.apache.org/licenses/LICENSE-2.0
  ~
  ~ Unless required by applicable law or agreed to in writing, software
  ~ distributed under the License is distributed on an "AS IS" BASIS,
  ~ WITHOUT WARRANTIES OR CONDITIONS OF ANY KIND, either express or implied.
  ~ See the License for the specific language governing permissions and
  ~ limitations under the License.
  -->

<channel name="xfwm4" version="1.0">
    <property name="general" type="empty">
        <property name="activate_action" type="string" value="bring"/>
        <property name="borderless_maximize" type="bool" value="true"/>
        <property name="box_move" type="bool" value="false"/>
        <property name="box_resize" type="bool" value="false"/>
        <property name="button_layout" type="string" value="O|SHMC"/>
        <property name="button_offset" type="int" value="0"/>
        <property name="button_spacing" type="int" value="0"/>
        <property name="click_to_focus" type="bool" value="true"/>
        <property name="cycle_apps_only" type="bool" value="false"/>
        <property name="cycle_draw_frame" type="bool" value="true"/>
        <property name="cycle_hidden" type="bool" value="true"/>
        <property name="cycle_minimum" type="bool" value="true"/>
        <property name="cycle_preview" type="bool" value="true"/>
        <property name="cycle_tabwin_mode" type="int" value="0"/>
        <property name="cycle_workspaces" type="bool" value="false"/>
        <property name="double_click_action" type="string" value="maximize"/>
        <property name="double_click_distance" type="int" value="5"/>
        <property name="double_click_time" type="int" value="250"/>
        <property name="easy_click" type="string" value="Alt"/>
        <property name="focus_delay" type="int" value="250"/>
        <property name="focus_hint" type="bool" value="true"/>
        <property name="focus_new" type="bool" value="true"/>
        <property name="frame_opacity" type="int" value="100"/>
        <property name="full_width_title" type="bool" value="true"/>
        <property name="horiz_scroll_opacity" type="bool" value="false"/>
        <property name="inactive_opacity" type="int" value="100"/>
        <property name="maximized_offset" type="int" value="0"/>
        <property name="mousewheel_rollup" type="bool" value="true"/>
        <property name="move_opacity" type="int" value="100"/>
        <property name="placement_mode" type="string" value="center"/>
        <property name="placement_ratio" type="int" value="20"/>
        <property name="popup_opacity" type="int" value="100"/>
        <property name="prevent_focus_stealing" type="bool" value="false"/>
        <property name="raise_delay" type="int" value="250"/>
        <property name="raise_on_click" type="bool" value="true"/>
        <property name="raise_on_focus" type="bool" value="false"/>
        <property name="raise_with_any_button" type="bool" value="true"/>
        <property name="repeat_urgent_blink" type="bool" value="false"/>
        <property name="resize_opacity" type="int" value="100"/>
        <property name="scroll_workspaces" type="bool" value="true"/>
        <property name="shadow_delta_height" type="int" value="0"/>
        <property name="shadow_delta_width" type="int" value="0"/>
        <property name="shadow_delta_x" type="int" value="0"/>
        <property name="shadow_delta_y" type="int" value="-3"/>
        <property name="shadow_opacity" type="int" value="50"/>
        <property name="show_app_icon" type="bool" value="false"/>
        <property name="show_dock_shadow" type="bool" value="true"/>
        <property name="show_frame_shadow" type="bool" value="true"/>
        <property name="show_popup_shadow" type="bool" value="false"/>
        <property name="snap_resist" type="bool" value="false"/>
        <property name="snap_to_border" type="bool" value="true"/>
        <property name="snap_to_windows" type="bool" value="false"/>
        <property name="snap_width" type="int" value="10"/>
        <property name="sync_to_vblank" type="bool" value="false"/>
        <property name="theme" type="string" value="Default"/>
        <property name="tile_on_move" type="bool" value="true"/>
        <property name="title_alignment" type="string" value="center"/>
        <property name="title_font" type="string" value="Sans Bold 9"/>
        <property name="title_horizontal_offset" type="int" value="0"/>
        <property name="titleless_maximize" type="bool" value="false"/>
        <property name="title_shadow_active" type="string" value="false"/>
        <property name="title_shadow_inactive" type="string" value="false"/>
        <property name="title_vertical_offset_active" type="int" value="0"/>
        <property name="title_vertical_offset_inactive" type="int" value="0"/>
        <property name="toggle_workspaces" type="bool" value="false"/>
        <property name="unredirect_overlays" type="bool" value="true"/>
        <property name="urgent_blink" type="bool" value="false"/>
        <property name="use_compositing" type="bool" value="false"/>
        <property name="workspace_count" type="int" value="4"/>
        <property name="workspace_names" type="array">
            <value type="string" value="Workspace 1"/>
            <value type="string" value="Workspace 2"/>
            <value type="string" value="Workspace 3"/>
            <value type="string" value="Workspace 4"/>
        </property>
        <property name="wrap_cycle" type="bool" value="true"/>
        <property name="wrap_layout" type="bool" value="true"/>
        <property name="wrap_resistance" type="int" value="10"/>
        <property name="wrap_windows" type="bool" value="true"/>
        <property name="wrap_workspaces" type="bool" value="false"/>
        <property name="zoom_desktop" type="bool" value="true"/>
    </property>
</channel>

